Ticker,Timestamp,Price,Pivot,Ext%,RVOL,Status,Entry,Stop_Loss,Target_1,Target_2,Dist_T1%,Dist_T2%,Remaining_R,Units,Capital_Used,Max_Loss_Rs,Concentration,Sizing_Note,Hold_Period,Tier,Opportunity,Readiness
MBAPL,11:19:58,152.55,151.54,0.67,2.45,🔥 VALID BREAKOUT,152.55,139.85,177.94,203.34,16.6,33.3,2.0,19,2898.45,241.23,5.8,,Reassess at 30 trading days — high probability setup.,TIER-2: High Probability Setup,Bullish Accumulation,Developing Structure
DEEPINDS,11:19:58,518.25,494.3,4.84,8.1,⚠️ BREAKOUT EXTENDED,518.25,489.22,576.31,634.37,11.2,22.4,2.0,8,4146.0,232.24,8.29,,Hard review at 15 trading days — developing / lower conviction.,TIER-3: Watchlist / Developing,Bullish Accumulation,Developing Structure
MBAPL,11:26:02,153.85,151.54,1.52,2.52,⚠️ BREAKOUT EXTENDED,153.85,141.15,179.24,204.64,16.5,33.0,2.0,19,2923.15,241.23,5.85,,Reassess at 30 trading days — high probability setup.,TIER-2: High Probability Setup,Bullish Accumulation,Developing Structure
SPORTKING,11:34:52,217.82,217.21,0.28,2.28,🔥 VALID BREAKOUT,217.82,202.57,248.32,278.82,14.0,28.0,2.0,16,3485.12,244.01,6.97,,Reassess at 30 trading days — high probability setup.,TIER-2: High Probability Setup,Bullish Accumulation,Developing Structure
KAMDHENU,11:47:57,36.15,35.63,1.47,4.04,🔥 VALID BREAKOUT,36.15,33.26,41.93,47.7,16.0,32.0,2.0,86,3108.9,248.32,6.22,,Reassess at 30 trading days — high probability setup.,TIER-2: High Probability Setup,Bullish Accumulation,Developing Structure
KRISHANA,11:48:54,166.75,159.76,4.37,2.04,⚠️ BREAKOUT EXTENDED,166.75,154.12,192.01,217.28,15.2,30.3,2.0,19,3168.25,240.01,6.34,,Reassess at 30 trading days — high probability setup.,TIER-2: High Probability Setup,Bullish Accumulation,Developing Structure
GUJALKALI,11:54:52,692.4,668.78,3.53,7.93,⚠️ BREAKOUT EXTENDED,692.4,654.29,768.61,844.82,11.0,22.0,2.0,6,4154.4,228.63,8.31,,Reassess at 30 trading days — high probability setup.,TIER-2: High Probability Setup,Bullish Accumulation,Developing Structure
GPTHEALTH,11:54:54,163.56,163.42,0.09,3.33,🔥 VALID BREAKOUT,163.56,154.94,180.79,198.02,10.5,21.1,2.0,29,4743.24,249.85,9.49,,Hard review at 15 trading days — developing / lower conviction.,TIER-3: Watchlist / Developing,Bullish Accumulation,Developing Structure
ORIENTLTD,12:05:01,96.4,76.38,26.21,2.35,⚠️ BREAKOUT EXTENDED,96.4,90.1,109.0,121.6,13.1,26.1,2.0,39,3759.6,245.74,7.52,,Hard review at 15 trading days — developing / lower conviction.,TIER-3: Watchlist / Developing,Bullish Accumulation,Developing Structure
DEEPINDS,12:14:36,515.25,494.3,4.24,3.01,⚠️ BREAKOUT EXTENDED,515.25,486.22,573.31,631.37,11.3,22.5,2.0,8,4122.0,232.24,8.24,,Hard review at 15 trading days — developing / lower conviction.,TIER-3: Watchlist / Developing,Bullish Accumulation,Developing Structure,73,B Conviction,"Valid breakout, missing 1-2 aggressive supporting signals",7.723907368889407,4.996387810781496,8.0,8.5
LLOYDSME,12:28:31,2004.0,1977.22,1.35,2.72,🔥 VALID BREAKOUT,2004.0,1909.86,2192.27,2380.54,9.4,18.8,2.0,2,4008.0,188.27,8.02,,Reassess at 30 trading days — high probability setup.,TIER-2: High Probability Setup,Bullish Accumulation,Developing Structure,83,A Conviction,Breakout + RVOL > 2× + Solid Structural Evidence,8.45400628551682,5.4115219639235255,9.5,10.0
NILKAMAL,12:32:38,1743.8,1710.99,1.92,2.59,⚠️ BREAKOUT EXTENDED,1743.8,1625.85,1979.69,2215.58,13.5,27.1,2.0,2,3487.6,235.89,6.98,,Hard review at 15 trading days — developing / lower conviction.,TIER-3: Watchlist / Developing,Bullish Accumulation,Developing Structure,62,Watchlist (C),Breakout triggered but structurally weak or extended,6.060130064808354,4.652290930773283,6.5,8.5
E2E,12:33:24,542.5,499.48,8.61,2.6,⚠️ BREAKOUT EXTENDED,542.5,507.96,611.59,680.67,12.7,25.5,2.0,7,3797.5,241.8,7.6,,Reassess at 30 trading days — high probability setup.,TIER-2: High Probability Setup,Bullish Accumulation,Developing Structure,73,B Conviction,"Valid breakout, missing 1-2 aggressive supporting signals",9.13935720402836,5.948170230805109,6.5,8.5
MBAPL,12:33:35,155.3,151.54,2.48,2.76,⚠️ BREAKOUT EXTENDED,155.3,142.6,180.69,206.09,16.4,32.7,2.0,19,2950.7,241.23,5.9,,Reassess at 30 trading days — high probability setup.,TIER-2: High Probability Setup,Bullish Accumulation,Developing Structure,68,Watchlist (C),Breakout triggered but structurally weak or extended,8.958010053769295,5.036833278690739,6.5,7.0
NILKAMAL,12:33:38,1732.0,1710.99,1.23,4.04,🔥 VALID BREAKOUT,1732.0,1614.05,1967.89,2203.78,13.6,27.2,2.0,2,3464.0,235.89,6.93,,Hard review at 15 trading days — developing / lower conviction.,TIER-3: Watchlist / Developing,Bullish Accumulation,Developing Structure,75,B Conviction,"Valid breakout, missing 1-2 aggressive supporting signals",6.060130064808354,4.652290930773283,10.0,8.5
MAHLOG,12:47:31,429.7,426.3,0.8,2.18,🔥 VALID BREAKOUT,429.7,402.95,483.2,536.7,12.5,24.9,2.0,9,3867.3,240.74,7.73,,Reassess at 30 trading days — high probability setup.,TIER-2: High Probability Setup,Bullish Accumulation,Developing Structure,80,A Conviction,Breakout + RVOL > 2× + Solid Structural Evidence,8.19729408579944,5.307563026797764,9.5,8.5
FAIRCHEMOR,12:49:40,799.0,785.2,1.76,72.25,⚠️ BREAKOUT EXTENDED,799.0,743.56,909.87,1020.75,13.9,27.8,2.0,4,3196.0,221.75,6.39,,Hard review at 15 trading days — developing / lower conviction.,TIER-3: Watchlist / Developing,Normal Monitoring,Developing Structure,67,Watchlist (C),Breakout triggered but structurally weak or extended,6.353205531866326,4.342393996509956,8.0,8.5
EPIGRAL,12:54:53,1202.3,1193.13,0.77,2.44,🔥 VALID BREAKOUT,1202.3,1123.64,1359.63,1516.96,13.1,26.2,2.0,3,3606.9,235.99,7.21,,Hard review at 15 trading days — developing / lower conviction.,TIER-3: Watchlist / Developing,Normal Monitoring,Developing Structure,65,Watchlist (C),Breakout triggered but structurally weak or extended,3.6861310068714728,3.8336828877893367,9.5,8.5
CINELINE,12:57:43,86.98,86.26,0.83,3.29,🔥 VALID BREAKOUT,86.98,81.03,98.89,110.79,13.7,27.4,2.0,41,3566.18,244.07,7.13,,Hard review at 15 trading days — developing / lower conviction.,TIER-3: Watchlist / Developing,Normal Monitoring,Developing Structure,73,B Conviction,"Valid breakout, missing 1-2 aggressive supporting signals",5.930596386051878,3.9819823470095326,10.0,8.5
OAL,13:07:40,388.0,378.7,2.46,9.25,⚠️ BREAKOUT EXTENDED,388.0,356.68,450.64,513.27,16.1,32.3,2.0,7,2716.0,219.23,5.43,,Hard review at 15 trading days — developing / lower conviction.,TIER-3: Watchlist / Developing,Normal Monitoring,Developing Structure,67,Watchlist (C),Breakout triggered but structurally weak or extended,7.059752870538017,4.357696376278664,8.0,7.0
TFCILTD,13:09:33,94.2,87.8,7.29,2.12,⚠️ BREAKOUT EXTENDED,94.2,87.63,107.34,120.48,13.9,27.9,2.0,38,3579.6,249.62,7.16,,Reassess at 30 trading days — high probability setup.,TIER-2: High Probability Setup,Bullish Accumulation,Developing Structure,71,B Conviction,"Valid breakout, missing 1-2 aggressive supporting signals",8.873224373128693,5.211181747790878,6.5,8.5
KAMDHENU,13:23:34,36.2,35.63,1.61,5.03,⚠️ BREAKOUT EXTENDED,36.2,33.31,41.98,47.75,16.0,31.9,2.0,86,3113.2,248.32,6.23,,Reassess at 30 trading days — high probability setup.,TIER-2: High Probability Setup,Bullish Accumulation,Developing Structure,74,B Conviction,"Valid breakout, missing 1-2 aggressive supporting signals",8.329182922351489,5.112592886492763,8.0,8.5
LLOYDSME,13:26:31,2011.7,1977.22,1.74,3.16,⚠️ BREAKOUT EXTENDED,2011.7,1917.56,2199.97,2388.24,9.4,18.7,2.0,2,4023.4,188.27,8.05,,Reassess at 30 trading days — high probability setup.,TIER-2: High Probability Setup,Bullish Accumulation,Developing Structure,78,B Conviction,"Valid breakout, missing 1-2 aggressive supporting signals",8.45400628551682,5.4115219639235255,8.0,10.0
GPTHEALTH,13:37:36,165.12,163.42,1.04,2.54,🔥 VALID BREAKOUT,165.12,156.5,182.35,199.58,10.4,20.9,2.0,29,4788.48,249.85,9.58,,Hard review at 15 trading days — developing / lower conviction.,TIER-3: Watchlist / Developing,Bullish Accumulation,Developing Structure,77,B Conviction,"Valid breakout, missing 1-2 aggressive supporting signals",7.302334123481964,4.9605258731011705,9.5,8.5
SJS,13:38:24,2376.2,2374.59,0.07,3.64,🔥 VALID BREAKOUT,2376.2,2271.34,2585.92,2795.64,8.8,17.7,2.0,2,4752.4,209.72,9.5,,Reassess at 30 trading days — high probability setup.,TIER-2: High Probability Setup,Bullish Accumulation,Immediate Trigger Watch,88,A Conviction,Breakout + RVOL > 2× + Solid Structural Evidence,9.038085418818751,6.1068224701189475,10.0,10.0
ASAHISONG,13:38:41,359.05,328.86,9.18,2.16,⚠️ BREAKOUT EXTENDED,359.05,331.04,415.06,471.08,15.6,31.2,2.0,8,2872.4,224.06,5.74,,Hard review at 15 trading days — developing / lower conviction.,TIER-3: Watchlist / Developing,Normal Monitoring,Developing Structure,61,Watchlist (C),Breakout triggered but structurally weak or extended,5.9434080754367455,4.2496522209882865,6.5,8.5
DIACABS,13:41:27,307.93,299.07,2.96,3.71,⚠️ BREAKOUT EXTENDED,307.93,282.03,359.73,411.52,16.8,33.6,2.0,9,2771.37,233.09,5.54,,Reassess at 30 trading days — high probability setup.,TIER-2: High Probability Setup,Bullish Accumulation,Developing Structure,75,B Conviction,"Valid breakout, missing 1-2 aggressive supporting signals",9.00511320968074,5.7345000528228365,8.0,7.0
GPTHEALTH,13:41:36,166.15,163.42,1.67,2.44,⚠️ BREAKOUT EXTENDED,166.15,157.53,183.38,200.61,10.4,20.7,2.0,29,4818.35,249.85,9.64,,Hard review at 15 trading days — developing / lower conviction.,TIER-3: Watchlist / Developing,Bullish Accumulation,Developing Structure,66,Watchlist (C),Breakout triggered but structurally weak or extended,7.302334123481964,4.9605258731011705,6.5,8.5
TIPSFILMS,14:03:41,386.5,380.73,1.52,2.0,⚠️ BREAKOUT EXTENDED,386.5,359.31,440.89,495.27,14.1,28.1,2.0,9,3478.5,244.74,6.96,,Hard review at 15 trading days — developing / lower conviction.,TIER-3: Watchlist / Developing,Normal Monitoring,Developing Structure,58,Watchlist (C),Breakout triggered but structurally weak or extended,4.753017488265727,4.18304186203151,6.5,8.5
IRISDOREME,14:26:34,49.59,48.72,1.79,4.13,⚠️ BREAKOUT EXTENDED,49.59,46.12,56.54,63.49,14.0,28.0,2.0,71,3520.89,246.7,7.04,,Reassess at 30 trading days — high probability setup.,TIER-2: High Probability Setup,Bullish Accumulation,Developing Structure,76,B Conviction,"Valid breakout, missing 1-2 aggressive supporting signals",8.847317637377397,5.201048903368619,8.0,8.5
VRLLOG,14:26:42,263.16,250.57,5.02,2.44,⚠️ BREAKOUT EXTENDED,263.16,252.95,283.58,304.0,7.8,15.5,2.0,24,6315.84,245.03,12.63,,Hard review at 15 trading days — developing / lower conviction.,TIER-3: Watchlist / Developing,Normal Monitoring,Developing Structure,60,Watchlist (C),Breakout triggered but structurally weak or extended,4.891971798204493,4.085624899960804,6.5,10.0
IRISDOREME,14:27:34,48.98,48.72,0.53,4.13,🔥 VALID BREAKOUT,48.98,45.51,55.93,62.88,14.2,28.4,2.0,71,3477.58,246.7,6.96,,Reassess at 30 trading days — high probability setup.,TIER-2: High Probability Setup,Bullish Accumulation,Developing Structure,83,A Conviction,Breakout + RVOL > 2× + Solid Structural Evidence,8.847317637377397,5.201048903368619,10.0,8.5
HMVL,14:28:35,95.15,95.09,0.07,3.1,🔥 VALID BREAKOUT,95.15,88.78,107.89,120.62,13.4,26.8,2.0,39,3710.85,248.33,7.42,,Reassess at 30 trading days — high probability setup.,TIER-2: High Probability Setup,Bullish Accumulation,Developing Structure,80,A Conviction,Breakout + RVOL > 2× + Solid Structural Evidence,7.792206944961004,5.169555174154297,10.0,8.5
SANGINITA,14:34:23,62.86,61.34,2.48,5.77,⚠️ BREAKOUT EXTENDED,62.86,61.27,66.05,69.23,5.1,10.1,2.0,156,9806.16,248.54,19.61,,Reassess at 30 trading days — high probability setup.,TIER-2: High Probability Setup,Bullish Accumulation,Immediate Trigger Watch,82,A Conviction,Breakout + RVOL > 2× + Solid Structural Evidence,9.205301622304384,6.212878311135568,8.0,10.0
NIBL,14:37:37,37.29,36.52,2.11,2.65,⚠️ BREAKOUT EXTENDED,37.29,34.2,43.47,49.65,16.6,33.2,2.0,80,2983.2,247.29,5.97,,Hard review at 15 trading days — developing / lower conviction.,TIER-3: Watchlist / Developing,Bullish Accumulation,Developing Structure,67,Watchlist (C),Breakout triggered but structurally weak or extended,8.72013911641649,4.7589676515312105,6.5,7.0
KANPRPLA,14:38:38,225.13,219.93,2.36,2.86,⚠️ BREAKOUT EXTENDED,225.13,205.14,265.11,305.08,17.8,35.5,2.0,12,2701.56,239.86,5.4,,Hard review at 15 trading days — developing / lower conviction.,TIER-3: Watchlist / Developing,Bullish Accumulation,Developing Structure,64,Watchlist (C),Breakout triggered but structurally weak or extended,7.476615800354316,4.658678899852875,6.5,7.0
MAXIND,14:38:39,188.7,178.44,5.75,2.67,⚠️ BREAKOUT EXTENDED,188.7,175.21,215.68,242.66,14.3,28.6,2.0,18,3396.6,242.81,6.79,,Hard review at 15 trading days — developing / lower conviction.,TIER-3: Watchlist / Developing,Bullish Accumulation,Developing Structure,60,Watchlist (C),Breakout triggered but structurally weak or extended,5.158104629104163,4.500793978852043,6.5,8.5
PVRINOX,14:49:29,1136.05,1060.07,7.17,2.66,⚠️ BREAKOUT EXTENDED,1136.05,1090.26,1227.64,1319.22,8.1,16.1,2.0,5,5680.25,228.96,11.36,,Reassess at 30 trading days — high probability setup.,TIER-2: High Probability Setup,Bullish Accumulation,Developing Structure,68,Watchlist (C),Breakout triggered but structurally weak or extended,6.453441416668929,5.469647175484884,6.5,10.0
KABRAEXTRU,14:49:32,402.0,369.26,8.87,2.03,⚠️ BREAKOUT EXTENDED,402.0,369.35,467.29,532.59,16.2,32.5,2.0,7,2814.0,228.52,5.63,,Reassess at 30 trading days — high probability setup.,TIER-2: High Probability Setup,Bullish Accumulation,Developing Structure,67,Watchlist (C),Breakout triggered but structurally weak or extended,8.435165023152242,5.219402320392026,6.5,7.0
WEL,15:03:42,110.16,109.5,0.6,4.19,🔥 VALID BREAKOUT,110.16,106.37,117.75,125.33,6.9,13.8,2.0,65,7160.4,246.54,14.32,,Hard review at 15 trading days — developing / lower conviction.,TIER-3: Watchlist / Developing,Normal Monitoring,Developing Structure,69,Watchlist (C),Breakout triggered but structurally weak or extended,3.702617111440479,4.089431246485778,10.0,10.0
GMMPFAUDLR,15:11:43,835.2,831.18,0.48,10.08,🔥 VALID BREAKOUT,835.2,800.93,903.75,972.3,8.2,16.4,2.0,7,5846.4,239.93,11.69,,Hard review at 15 trading days — developing / lower conviction.,TIER-3: Watchlist / Developing,Normal Monitoring,Developing Structure,69,Watchlist (C),Breakout triggered but structurally weak or extended,3.646093324346744,3.9171855422877426,10.0,10.0
SJS,15:12:24,2420.0,2374.59,1.91,2.29,⚠️ BREAKOUT EXTENDED,2420.0,2315.14,2629.72,2839.44,8.7,17.3,2.0,2,4840.0,209.72,9.68,,Reassess at 30 trading days — high probability setup.,TIER-2: High Probability Setup,Bullish Accumulation,Immediate Trigger Watch,76,B Conviction,"Valid breakout, missing 1-2 aggressive supporting signals",9.038085418818751,6.1068224701189475,6.5,10.0
JLHL,15:14:29,325.4,324.39,0.31,2.01,🔥 VALID BREAKOUT,325.4,312.14,351.91,378.42,8.1,16.3,2.0,18,5857.2,238.6,11.71,,Reassess at 30 trading days — high probability setup.,TIER-2: High Probability Setup,Bullish Accumulation,Developing Structure,82,A Conviction,Breakout + RVOL > 2× + Solid Structural Evidence,7.9876850419935055,5.564550527215344,9.5,10.0
SHIVALIK,15:17:44,266.44,251.72,5.85,4.65,⚠️ BREAKOUT EXTENDED,266.44,251.73,295.86,325.27,11.0,22.1,2.0,16,4263.04,235.34,8.53,,Hard review at 15 trading days — developing / lower conviction.,TIER-3: Watchlist / Developing,Normal Monitoring,Developing Structure,57,Watchlist (C),Breakout triggered but structurally weak or extended,3.057303875453668,3.631459949512234,8.0,8.5
KCPSUGIND,15:19:47,32.39,26.64,21.57,2.12,⚠️ BREAKOUT EXTENDED,32.39,30.68,35.82,39.24,10.6,21.2,2.0,145,4696.55,248.42,9.39,,Hard review at 15 trading days — developing / lower conviction.,TIER-3: Watchlist / Developing,Normal Monitoring,Developing Structure,58,Watchlist (C),Breakout triggered but structurally weak or extended,4.880196009226631,4.147648211235056,6.5,8.5
AARON,15:19:49,143.1,125.45,14.07,2.14,⚠️ BREAKOUT EXTENDED,143.1,135.13,159.04,174.98,11.1,22.3,2.0,31,4436.1,247.08,8.87,,Hard review at 15 trading days — developing / lower conviction.,TIER-3: Watchlist / Developing,Normal Monitoring,Developing Structure,55,Watchlist (C),Breakout triggered but structurally weak or extended,4.004077309273733,3.776208764691598,6.5,8.5
THYROCARE,15:22:24,587.75,580.12,1.31,2.23,🔥 VALID BREAKOUT,587.75,548.59,666.07,744.39,13.3,26.7,2.0,6,3526.5,234.96,7.05,,Reassess at 30 trading days — high probability setup.,TIER-2: High Probability Setup,Bullish Accumulation,Immediate Trigger Watch,82,A Conviction,Breakout + RVOL > 2× + Solid Structural Evidence,8.557633228522,6.026782963577812,9.5,8.5
UNITDSPR,15:23:28,1480.1,1456.93,1.59,2.06,⚠️ BREAKOUT EXTENDED,1480.1,1431.63,1577.04,1673.97,6.5,13.1,2.0,5,7400.5,242.34,14.8,,Reassess at 30 trading days — high probability setup.,TIER-2: High Probability Setup,Bullish Accumulation,Developing Structure,69,Watchlist (C),Breakout triggered but structurally weak or extended,6.679536565043871,5.660569246809429,6.5,10.0
GUJALKALI,15:24:33,693.0,668.78,3.62,2.04,⚠️ BREAKOUT EXTENDED,693.0,654.89,769.21,845.42,11.0,22.0,2.0,6,4158.0,228.63,8.32,,Reassess at 30 trading days — high probability setup.,TIER-2: High Probability Setup,Bullish Accumulation,Developing Structure,69,Watchlist (C),Breakout triggered but structurally weak or extended,8.166677034456999,5.229467211620418,6.5,8.5
ESAFSFB,15:26:30,38.21,37.96,0.66,2.05,🔥 VALID BREAKOUT,38.21,35.39,43.84,49.47,14.7,29.5,2.0,88,3362.48,247.78,6.72,,Reassess at 30 trading days — high probability setup.,TIER-2: High Probability Setup,Bullish Accumulation,Developing Structure,80,A Conviction,Breakout + RVOL > 2× + Solid Structural Evidence,8.25852818848432,5.492799214743017,9.5,8.5
CNL,15:27:28,1048.95,1010.94,3.76,2.56,⚠️ BREAKOUT EXTENDED,1048.95,947.26,1252.34,1455.73,19.4,38.8,2.0,2,2097.9,203.39,4.2,,Reassess at 30 trading days — high probability setup.,TIER-2: High Probability Setup,Bullish Accumulation,Developing Structure,69,Watchlist (C),Breakout triggered but structurally weak or extended,8.814345428239383,5.682608299667838,6.5,7.0
UNIVASTU,15:28:35,126.2,125.86,0.27,13.44,🔥 VALID BREAKOUT,126.2,115.68,147.24,168.29,16.7,33.4,2.0,23,2902.6,242.02,5.81,,Reassess at 30 trading days — high probability setup.,TIER-2: High Probability Setup,Bullish Accumulation,Developing Structure,80,A Conviction,Breakout + RVOL > 2× + Solid Structural Evidence,8.63770859357146,5.107968102872105,10.0,7.0
HCLTECH,15:29:37,1295.3,1267.53,2.19,2.04,⚠️ BREAKOUT EXTENDED,1295.3,1238.39,1409.11,1522.93,8.8,17.6,2.0,4,5181.2,227.63,10.36,,Hard review at 15 trading days — developing / lower conviction.,TIER-3: Watchlist / Developing,Bullish Accumulation,Developing Structure,63,Watchlist (C),Breakout triggered but structurally weak or extended,5.476050931506423,4.790252337298241,6.5,10.0
NIBL,15:29:38,36.91,36.52,1.07,2.67,🔥 VALID BREAKOUT,36.91,33.82,43.09,49.27,16.7,33.5,2.0,80,2952.8,247.29,5.91,,Hard review at 15 trading days — developing / lower conviction.,TIER-3: Watchlist / Developing,Bullish Accumulation,Developing Structure,77,B Conviction,"Valid breakout, missing 1-2 aggressive supporting signals",8.72013911641649,4.7589676515312105,9.5,7.0
ORIENTLTD,15:29:39,98.6,76.38,29.09,2.08,⚠️ BREAKOUT EXTENDED,98.6,92.3,111.2,123.8,12.8,25.6,2.0,39,3845.4,245.74,7.69,,Hard review at 15 trading days — developing / lower conviction.,TIER-3: Watchlist / Developing,Bullish Accumulation,Developing Structure,63,Watchlist (C),Breakout triggered but structurally weak or extended,6.3191974223213085,4.59446670764568,6.5,8.5
